base,count,position,start,end,count_min,count_max
G,1,2999829.5,2999829,2999830,1,1
C,1,2999928.5,2999928,2999929,1,1
G,1,2999850.5,2999850,2999851,1,1
A,1,2999944.5,2999944,2999945,1,1
A,1,3000026.5,3000026,3000027,1,1
T,1,3000053.5,3000053,3000054,1,1
G,1,3000020.5,3000020,3000021,1,1
G,1,2999845.5,2999845,2999846,1,1
A,1,2999974.5,2999974,2999975,1,1
A,1,2999952.5,2999952,2999953,1,1
A,1,3000001.5,3000001,3000002,1,1
G,1,2999972.5,2999972,2999973,1,1
A,1,2999938.5,2999938,2999939,1,1
T,1,2999886.5,2999886,2999887,1,1
G,1,2999912.5,2999912,2999913,1,1
C,1,2999896.5,2999896,2999897,1,1
A,1,2999865.5,2999865,2999866,1,1
T,1,2999901.5,2999901,2999902,1,1
G,1,3000009.5,3000009,3000010,1,1
G,1,3000010.5,3000010,3000011,1,1
G,1,2999979.5,2999979,2999980,1,1
G,1,3000040.5,3000040,3000041,1,1
C,1,2999943.5,2999943,2999944,1,1
C,1,2999899.5,2999899,2999900,1,1
A,1,2999982.5,2999982,2999983,1,1
T,1,3000033.5,3000033,3000034,1,1
G,1,2999913.5,2999913,2999914,1,1
C,1,2999823.5,2999823,2999824,1,1
T,1,2999828.5,2999828,2999829,1,1
C,1,2999942.5,2999942,2999943,1,1
T,1,2999875.5,2999875,2999876,1,1
A,1,2999915.5,2999915,2999916,1,1
C,1,2999958.5,2999958,2999959,1,1
G,1,2999950.5,2999950,2999951,1,1
T,1,2999849.5,2999849,2999850,1,1
T,1,3000032.5,3000032,3000033,1,1
C,1,2999884.5,2999884,2999885,1,1
C,1,3000007.5,3000007,3000008,1,1
G,1,3000002.5,3000002,3000003,1,1
G,1,2999954.5,2999954,2999955,1,1
G,1,2999978.5,2999978,2999979,1,1
A,1,2999947.5,2999947,2999948,1,1
G,1,2999996.5,2999996,2999997,1,1
G,1,2999893.5,2999893,2999894,1,1
G,1,3000019.5,3000019,3000020,1,1
G,1,2999975.5,2999975,2999976,1,1
G,1,2999995.5,2999995,2999996,1,1
G,1,2999846.5,2999846,2999847,1,1
G,1,2999960.5,2999960,2999961,1,1
A,1,2999889.5,2999889,2999890,1,1
C,1,2999902.5,2999902,2999903,1,1
C,1,2999867.5,2999867,2999868,1,1
T,1,2999866.5,2999866,2999867,1,1
G,1,2999956.5,2999956,2999957,1,1
T,1,2999874.5,2999874,2999875,1,1
G,1,2999887.5,2999887,2999888,1,1
A,1,2999977.5,2999977,2999978,1,1
T,1,2999967.5,2999967,2999968,1,1
G,1,3000034.5,3000034,3000035,1,1
G,1,2999839.5,2999839,2999840,1,1
G,1,2999860.5,2999860,2999861,1,1
G,1,2999986.5,2999986,2999987,1,1
A,1,3000029.5,3000029,3000030,1,1
T,1,2999836.5,2999836,2999837,1,1
C,1,2999841.5,2999841,2999842,1,1
A,1,2999962.5,2999962,2999963,1,1
T,1,2999909.5,2999909,2999910,1,1
C,1,2999987.5,2999987,2999988,1,1
G,1,3000062.5,3000062,3000063,1,1
T,1,2999932.5,2999932,2999933,1,1
C,1,3000028.5,3000028,3000029,1,1
A,1,3000037.5,3000037,3000038,1,1
A,1,3000039.5,3000039,3000040,1,1
G,1,2999981.5,2999981,2999982,1,1
C,1,2999936.5,2999936,2999937,1,1
G,1,2999973.5,2999973,2999974,1,1
T,1,2999833.5,2999833,2999834,1,1
G,1,2999970.5,2999970,2999971,1,1
G,1,3000018.5,3000018,3000019,1,1
G,1,3000003.5,3000003,3000004,1,1
C,1,2999816.5,2999816,2999817,1,1
G,1,2999966.5,2999966,2999967,1,1
T,1,3000014.5,3000014,3000015,1,1
G,1,2999880.5,2999880,2999881,1,1
C,1,2999908.5,2999908,2999909,1,1
A,1,2999891.5,2999891,2999892,1,1
A,1,2999965.5,2999965,2999966,1,1
G,1,2999980.5,2999980,2999981,1,1
G,1,3000022.5,3000022,3000023,1,1
G,1,2999911.5,2999911,2999912,1,1
C,1,2999863.5,2999863,2999864,1,1
C,1,2999856.5,2999856,2999857,1,1
T,1,3000045.5,3000045,3000046,1,1
A,1,2999852.5,2999852,2999853,1,1
T,1,3000046.5,3000046,3000047,1,1
C,1,3000052.5,3000052,3000053,1,1
G,1,2999984.5,2999984,2999985,1,1
G,1,2999961.5,2999961,2999962,1,1